Average Weekday Subway Ridership,,,,,,,,,,,,
Station (alphabetical by borough),Boro,2007,2008,2009,2010,2011,2012,2013,2012-2013 Change,,2013 Rank,
The Bronx,,,,,,,,,,,,
"138 St-Grand Concourse (4,5) ",Bx,"2,720","2,926","2,969","3,013","3,076","3,183","3,222",+39,+1.2%,362,
"149 St-Grand Concourse (2,4,5) ",Bx,"10,384","11,395","12,056","12,744","13,422","13,599","14,380",+781,+5.7%,106,
"161 St-Yankee Stadium (B,D,4) ",Bx,"24,258","26,511","26,061","26,159","26,631","27,604","26,972",-632,-2.3%,41,
167 St (4) ,Bx,"8,564","9,125","9,054","9,220","9,351","9,699","9,904",+205,+2.1%,158,
"167 St (B,D) ",Bx,"8,747","8,913","8,848","8,839","9,054","9,264","9,374",+110,+1.2%,171,
170 St (4) ,Bx,"7,958","8,661","8,848","9,234","9,259","9,518","9,525",+7,+0.1%,168,
"170 St (B,D) ",Bx,"6,273","6,421","6,255","6,054","6,155","6,303","6,563",+260,+4.1%,229,
"174 St (2,5) ",Bx,"6,514","6,876","6,801","7,227","7,049","7,018","7,339",+321,+4.6%,204,
"174-175 Sts (B,D) ",Bx,"4,669","4,822","4,603","4,537","4,660","4,706","4,885",+179,+3.8%,293,
176 St (4) ,Bx,"4,606","5,105","4,312","4,517","5,383","5,623","5,905",+282,+5.0%,256,
"182-183 Sts (B,D) ",Bx,"4,898","4,747","4,612","4,550","4,546","4,507","4,554",+47,+1.0%,310,
183 St (4) ,Bx,"3,371","5,890","5,954","6,071","6,162","6,319","6,360",+41,+0.6%,236,
"219 St (2,5) ",Bx,"2,727","2,982","3,049","3,261","3,337","3,413","3,483",+70,+2.1%,350,
"225 St (2,5) ",Bx,"3,493","3,798","3,841","4,104","4,346","4,469","4,479",+10,+0.2%,315,
231 St (1) ,Bx,"8,095","8,670","8,428","8,680","9,170","9,187","8,951",-236,-2.6%,177,
"233 St (2,5) ",Bx,"4,437","4,834","4,870","5,179","5,379","5,388","5,473",+85,+1.6%,272,
238 St (1) ,Bx,"3,551","3,681","3,492","3,514","3,019","3,612","3,598",-14,-0.4%,346,
3 Av-138 St (6) ,Bx,"6,447","6,878","6,894","6,985","7,238","7,326","7,667",+341,+4.7%,196,
"3 Av-149 St (2,5) ",Bx,"22,824","23,859","24,096","23,955","24,022","24,580","24,001",-579,-2.4%,51,
"Allerton Av (2,5) ",Bx,"4,958","5,179","5,258","5,282","5,193","5,389","5,526",+137,+2.5%,270,
Baychester Av (5) ,Bx,"3,743","3,924","3,634","3,706","3,840","3,980","4,177",+197,+4.9%,322,
"Bedford Park Blvd (B,D) ",Bx,"6,214","6,317","6,054","6,037","6,150","6,183","6,303",+120,+1.9%,239,
Bedford Park Blvd-Lehman College (4) ,Bx,"5,359","5,519","5,701","5,897","6,052","6,034","6,201",+167,+2.8%,243,
"Bronx Park East (2,5) ",Bx,"2,768","2,897","2,834","2,888","2,757","2,811","2,959",+148,+5.3%,368,
Brook Av (6) ,Bx,"5,618","5,877","5,790","5,874","6,073","6,113","6,186",+73,+1.2%,244,
Buhre Av (6) ,Bx,"2,795","2,975","2,980","3,011","3,315","3,418","3,718",+300,+8.8%,343,
"Burke Av (2,5) ",Bx,"3,252","3,380","3,367","3,392","3,387","3,491","3,612",+121,+3.5%,345,
Burnside Av (4) ,Bx,"10,135","10,433","10,909","11,232","11,243","11,387","11,560",+173,+1.5%,137,
Castle Hill Av (6) ,Bx,"6,660","6,969","6,708","7,617","7,540","7,567","5,632","-1,935",-25.6%,266,
Cypress Av (6) ,Bx,"3,358","3,670","3,574","3,739","3,701","3,636","3,842",+206,+5.7%,335,
East 143 St-St Mary's St (6) ,Bx,931,899,831,871,941,973,911,-62,-6.4%,411,
East 149 St (6) ,Bx,"4,259","4,386","4,323","4,226","4,336","4,486","4,580",+94,+2.1%,307,
"East 180 St (2,5) ",Bx,"5,948","6,428","6,341","5,931","6,518","6,832","7,003",+171,+2.5%,213,
Eastchester-Dyre Av (5) ,Bx,"3,930","4,301","4,189","4,333","4,603","4,765","4,948",+183,+3.8%,289,
Elder Av (6) ,Bx,"6,318","6,480","6,434","9,042","2,240","6,161","6,377",+216,+3.5%,235,
Fordham Rd (4) ,Bx,"12,570","11,511","11,732","12,080","12,330","12,560","12,558",-2,-0.0%,122,
"Fordham Rd (B,D) ",Bx,"11,516","11,576","11,413","11,454","11,465","11,521","11,878",+357,+3.1%,131,
"Freeman St (2,5) ",Bx,"3,313","3,635","3,812","4,296","4,382","4,569","4,762",+193,+4.2%,299,
"Gun Hill Rd (2,5) ",Bx,"5,567","6,005","6,145","6,717","7,045","7,212","7,339",+127,+1.8%,205,
Gun Hill Rd (5) ,Bx,"5,828","6,025","5,770","5,776","5,794","5,953","6,002",+49,+0.8%,249,
Hunts Point Av (6) ,Bx,"10,242","10,612","10,512","10,494","10,316","10,389","10,144",-245,-2.4%,153,
"Intervale Av (2,5) ",Bx,"2,640","2,775","2,785","2,951","2,974","3,121","3,420",+299,+9.6%,354,
"Jackson Av (2,5) ",Bx,"4,860","5,089","4,961","5,249","5,110","5,060","5,432",+372,+7.4%,274,
Kingsbridge Rd (4) ,Bx,"5,049","8,980","9,320","9,754","10,153","10,377","10,431",+54,+0.5%,150,
"Kingsbridge Rd (B,D) ",Bx,"8,502","7,788","7,417","7,208","7,189","7,184","7,422",+238,+3.3%,203,
Longwood Av (6) ,Bx,"3,346","3,352","3,228","3,273","3,418","3,476","3,494",+18,+0.5%,348,
Middletown Rd (6) ,Bx,"1,682","1,796","1,802","1,883","1,916","1,969","1,514",-455,-23.1%,405,
Morris Park (5) ,Bx,"1,885","1,957","1,873","1,871","1,966","2,083","2,210",+127,+6.1%,392,
Morrison Av-Soundview (6) ,Bx,"5,956","6,352","6,225","2,304","9,603","6,582","6,588",+6,+0.1%,227,
Mosholu Pkwy (4) ,Bx,"7,103","8,468","9,078","9,439","9,578","9,596","9,588",-8,-0.1%,166,
Mt Eden Av (4) ,Bx,"4,937","5,174","5,615","5,848","5,748","5,859","5,995",+136,+2.3%,251,
"Nereid Av (2,5) ",Bx,"2,840","3,107","3,080","3,307","3,420","3,603","3,878",+275,+7.6%,333,
Norwood-205 St (D) ,Bx,"7,626","7,869","7,588","7,602","7,779","7,872","8,043",+171,+2.2%,189,
Parkchester (6) ,Bx,"14,708","15,189","14,978","12,724","15,516","15,190","16,614","+1,424",+9.4%,83,
Pelham Bay Park (6) ,Bx,"6,010","6,262","6,299","6,538","6,705","6,688","6,772",+84,+1.3%,221,
"Pelham Pkwy (2,5) ",Bx,"7,373","8,116","8,287","8,691","8,850","9,288","9,614",+326,+3.5%,164,
Pelham Pkwy (5) ,Bx,"2,950","3,054","3,011","3,139","3,236","3,314","3,254",-60,-1.8%,360,
"Prospect Av (2,5) ",Bx,"7,064","7,457","7,291","7,551","7,212","7,053","7,424",+371,+5.3%,202,
"Simpson St (2,5) ",Bx,"8,851","9,375","9,095","9,815","9,421","9,243","9,672",+429,+4.6%,163,
St Lawrence Av (6) ,Bx,"3,810","4,036","4,016","5,093","1,427","3,852","3,995",+143,+3.7%,328,
"Tremont Av (B,D) ",Bx,"8,767","8,842","8,542","8,513","8,767","8,882","9,157",+275,+3.1%,173,
Van Cortlandt Park-242 St (1) ,Bx,"5,758","6,184","6,040","6,148","6,504","6,641","6,943",+302,+4.5%,216,
Wakefield-241 St (2) ,Bx,"4,002","4,257","4,212","4,582","4,955","5,048","4,825",-223,-4.4%,295,
"West Farms Sq-East Tremont Av (2,5) ",Bx,"7,050","7,348","7,270","8,052","7,749","7,842","7,979",+137,+1.7%,191,
Westchester Sq-East Tremont Av (6) ,Bx,"6,095","6,322","6,178","6,359","6,663","6,663","6,820",+157,+2.4%,219,
Whitlock Av (6) ,Bx,"1,507","1,524","1,528",524,"2,342","1,691","1,685",-6,-0.4%,402,
Woodlawn (4) ,Bx,"6,318","6,723","6,980","7,513","7,852","7,797","7,776",-21,-0.3%,193,
Zerega Av (6) ,Bx,"2,335","2,455","2,404","2,539","2,741","2,849","3,253",+404,+14.2%,361,
Brooklyn,,,,,,,,,,,,
"15 St-Prospect Park (F,G) ",B,"6,006","6,002","5,977","6,220","4,725","6,018","6,448",+430,+7.1%,233,
18 Av (D) ,B,"5,267","5,667","5,611","5,699","5,516","5,544","6,162",+618,+11.1%,245,
18 Av (F) ,B,"4,127","4,209","4,008","4,145","4,205","4,220","4,204",-16,-0.4%,320,
18 Av (N) ,B,"4,686","5,077","5,227","5,049","5,469","5,507","5,092",-415,-7.5%,284,
20 Av (D) ,B,"4,461","4,680","4,531","4,517","4,478","4,556","4,859",+303,+6.7%,294,
20 Av (N) ,B,"3,634","3,923","4,108","3,903","4,011","4,091","4,190",+99,+2.4%,321,
25 Av (D) ,B,"4,272","4,445","4,304","4,318","4,220","4,046","4,607",+561,+13.9%,306,
25 St (R) ,B,"3,786","3,859","3,736","3,812","3,915","3,820","3,821",+1,+0.0%,336,
"36 St (D,N,R) ",B,"10,578","11,151","10,852","11,135","11,411","11,946","12,059",+113,+0.9%,130,
"4 Av (F,G)/9 St (R) ",B,"10,205","10,789","10,895","11,412","12,479","13,471","13,156",-315,-2.3%,119,
45 St (R) ,B,"7,052","7,303","7,171","7,059","7,218","7,070","6,978",-92,-1.3%,215,
50 St (D) ,B,"3,269","3,279","3,130","3,129","3,008","3,172","3,308",+136,+4.3%,358,
53 St (R) ,B,"7,516","7,648","7,460","7,423","7,533","7,476","7,479",+3,+0.0%,199,
55 St (D) ,B,"2,018","2,046","1,925","1,944","1,983","1,859","1,964",+105,+5.6%,397,
"59 St (N,R) ",B,"11,586","12,020","11,756","11,979","11,999","12,317","12,506",+189,+1.5%,123,
"7 Av (B,Q) ",B,"9,093","9,590","9,568","9,614","9,615","9,408","9,389",-19,-0.2%,170,
"7 Av (F,G) ",B,"10,999","10,903","10,643","11,018","12,792","12,118","12,268",+150,+1.2%,125,
71 St (D) ,B,"4,378","4,538","4,270","4,365","3,740","4,007","4,538",+531,+13.3%,313,
77 St (R) ,B,"4,960","5,236","5,080","5,146","5,228","5,306","5,353",+47,+0.9%,277,
79 St (D) ,B,"5,659","5,775","5,577","5,733","5,554","5,612","6,293",+681,+12.1%,240,
8 Av (N) ,B,"8,956","9,594","9,987","10,215","10,480","10,613","10,873",+260,+2.4%,147,
86 St (N) ,B,"2,016","2,194","2,307","2,389","2,491","2,552","2,515",-37,-1.4%,384,
86 St (R) ,B,"10,263","10,659","10,457","10,710","11,076","11,313","11,648",+335,+3.0%,133,
9 Av (D) ,B,"5,815","6,152","5,945","5,955","5,533","5,440","5,857",+417,+7.7%,257,
Alabama Av (J) ,B,"1,906","2,119","2,153","2,271","2,387","2,464","2,443",-21,-0.9%,385,
"Atlantic Av-Barclays Ctr (B,D,N,Q,R,2,3,4,5)",B,"30,224","31,657","31,408","32,497","33,160","35,670","39,871","+4,201",+11.8%,24,
Atlantic Av (L) ,B,"1,144","1,284","1,319","1,385","1,440","1,487","1,580",+93,+6.3%,403,
Avenue H (Q) ,B,"2,695","2,820","2,697","2,174","1,724","2,714","2,861",+147,+5.4%,371,
Avenue I (F) ,B,"2,414","2,422","2,370","2,328","2,290","2,284","2,283",-1,-0.0%,390,
Avenue J (Q) ,B,"6,335","6,506","6,237","6,742","6,860","5,974","6,036",+62,+1.0%,248,
Avenue M (Q) ,B,"5,858","6,188","5,713","4,628","4,632","5,544","5,836",+292,+5.3%,258,
Avenue N (F) ,B,"3,433","3,493","3,282","3,377","3,458","3,390","3,411",+21,+0.6%,355,
Avenue P (F) ,B,"2,828","2,859","2,648","2,667","2,696","2,705","2,757",+52,+1.9%,375,
Avenue U (F) ,B,"2,147","2,153","2,142","2,331","2,229","2,302","2,296",-6,-0.3%,389,
Avenue U (N) ,B,"3,197","3,537","3,871","3,872","3,804","3,980","3,738",-242,-6.1%,342,
Avenue U (Q) ,B,"7,010","7,173","5,875","4,101","6,816","6,694","6,821",+127,+1.9%,218,
Avenue X (F) ,B,"2,896","2,857","2,736","2,789","2,810","2,877","2,972",+95,+3.3%,366,
Bay 50 St (D) ,B,"2,856","2,820","3,170","3,260","3,117","2,632","2,793",+161,+6.1%,374,
Bay Pkwy (D) ,B,"6,674","6,979","6,673","6,753","6,594","6,726","7,111",+385,+5.7%,211,
Bay Pkwy (F) ,B,"1,427","1,414","1,336","1,386","1,398","1,526","1,575",+49,+3.2%,404,
Bay Pkwy (N) ,B,"5,623","6,180","6,494","6,497","6,703","6,892","6,990",+98,+1.4%,214,
Bay Ridge Av (R) ,B,"7,830","8,215","8,092","8,119","8,240","8,206","8,079",-127,-1.5%,187,
Bay Ridge-95 St (R) ,B,"5,535","5,722","5,617","5,715","5,848","5,996","5,974",-22,-0.4%,252,
Bedford Av (L) ,B,"16,857","18,887","19,550","21,149","22,520","23,825","25,755","+1,930",+8.1%,46,
Bedford-Nostrand Avs (G) ,B,"5,312","5,832","5,928","6,040","6,348","6,755","7,300",+545,+8.1%,207,
"Bergen St (2,3) ",B,"3,946","4,033","4,015","4,127","4,344","4,472","4,070",-402,-9.0%,327,
"Bergen St (F,G) ",B,"9,896","10,038","10,154","10,578","11,048","11,370","11,562",+192,+1.7%,136,
Beverley Rd (Q) ,B,"2,829","2,875","2,933","3,436","3,567","3,096","2,340",-756,-24.4%,388,
"Beverly Rd (2,5) ",B,"4,044","4,121","3,975","3,972","4,146","4,199","4,375",+176,+4.2%,316,
"Brighton Beach (B,Q) ",B,"12,312","13,064","12,848","12,770","12,421","12,376","12,185",-191,-1.5%,128,
Broadway (G) ,B,"3,242","3,352","3,347","3,217","3,186","3,272","3,368",+96,+2.9%,356,
"Broadway Junction (A,C,J,L,Z) ",B,"8,731","8,913","8,528","8,412","8,441","8,790","8,863",+73,+0.8%,179,
Bushwick Av-Aberdeen St (L) ,B,"1,022","1,150","1,143","1,246","1,322","1,371","1,509",+138,+10.1%,406,
Canarsie-Rockaway Pkwy (L) ,B,"12,224","12,671","12,282","12,504","12,817","13,039","13,254",+215,+1.6%,117,
"Carroll St (F,G) ",B,"9,930","10,051","9,786","10,002","11,906","13,193","12,339",-854,-6.5%,124,
Central Av (M) ,B,"2,012","2,202","2,347","2,548","2,903","3,445","1,744","-1,701",-49.4%,400,
"Chauncey St (J,Z) ",B,"2,395","2,571","2,646","2,789","2,984","3,037","2,967",-70,-2.3%,367,
"Church Av (2,5) ",B,"9,470","9,539","9,367","9,691","9,929","9,851","9,794",-57,-0.6%,160,
"Church Av (B,Q) ",B,"15,392","16,295","15,769","14,696","14,876","16,042","17,638","+1,596",+9.9%,77,
"Church Av (F,G) ",B,"9,209","9,305","9,174","9,429","10,463","9,985","9,984",-1,-0.0%,156,
"Clark St (2,3) ",B,"5,040","5,221","5,269","5,406","5,596","5,760","5,971",+211,+3.7%,253,
Classon Av (G) ,B,"3,572","3,713","3,760","3,935","4,170","4,288","4,490",+202,+4.7%,314,
Cleveland St (J) ,B,"2,592","2,943","3,013","3,080","3,148","3,271","3,328",+57,+1.7%,357,
Clinton-Washington Avs (C) ,B,"4,902","5,153","5,029","5,404","5,698","6,033","6,642",+609,+10.1%,224,
Clinton-Washington Avs (G) ,B,"4,624","4,728","4,736","4,942","5,190","5,183","5,294",+111,+2.1%,280,
"Coney Island-Stillwell Av (D,F,N,Q) ",B,"11,737","12,488","12,240","13,079","13,254","13,474","13,177",-297,-2.2%,118,
Cortelyou Rd (Q) ,B,"5,870","6,171","6,088","6,578","6,812","6,379","5,318","-1,061",-16.6%,279,
"Court St (R)/Borough Hall (2,3,4,5) ",B,"35,069","36,639","37,057","38,057","38,026","38,088","38,428",+340,+0.9%,27,
"Crescent St (J,Z) ",B,"3,973","4,429","4,428","4,551","4,667","4,635","4,683",+48,+1.0%,302,
"Crown Heights-Utica Av (3,4) ",B,"27,087","27,945","27,231","27,476","27,368","27,549","27,780",+231,+0.8%,38,
Cypress Hills (J) ,B,"1,408","1,393","1,379","1,398","1,434","1,391","1,431",+40,+2.9%,407,
"DeKalb Av (B,Q,R) ",B,"16,068","16,724","16,835","16,905","17,180","17,791","17,318",-473,-2.7%,78,
DeKalb Av (L) ,B,"9,743","10,374","10,066","10,451","10,829","11,004","11,617",+613,+5.6%,134,
Ditmas Av (F) ,B,"4,745","4,728","4,496","4,471","4,554","4,669","4,676",+7,+0.1%,303,
East 105 St (L) ,B,"3,142","3,414","3,407","3,525","3,684","3,727","3,818",+91,+2.4%,337,
"Eastern Pkwy-Brooklyn Museum (2,3) ",B,"4,696","4,842","4,754","4,813","4,835","4,795","4,938",+143,+3.0%,290,
"Euclid Av (A,C) ",B,"9,368","9,722","9,435","9,750","10,037","10,169","10,418",+249,+2.4%,151,
"Flatbush Av-Brooklyn College (2,5) ",B,"19,825","20,338","20,159","21,355","22,168","21,942","21,941",-1,-0.0%,63,
Flushing Av (G) ,B,"1,961","1,974","1,900","1,930","2,032","2,157","2,373",+216,+10.0%,387,
"Flushing Av (J,M) ",B,"6,803","7,378","7,765","8,243","8,477","8,963","9,165",+202,+2.3%,172,
Fort Hamilton Pkwy (D) ,B,"3,685","3,809","3,783","3,772","3,640","3,403","3,984",+581,+17.1%,329,
"Fort Hamilton Pkwy (F,G) ",B,"4,625","4,805","4,816","4,967","4,268","5,092","5,531",+439,+8.6%,269,
Fort Hamilton Pkwy (N) ,B,"5,997","6,399","6,407","6,508","6,715","6,786","7,034",+248,+3.7%,212,
"Franklin Av (2,3,4,5)/Botanic Garden (S) ",B,"12,882","13,537","13,557","14,071","14,795","15,352","15,775",+423,+2.8%,91,
"Franklin Av (C,S) ",B,"4,720","5,022","4,906","5,348","5,786","6,111","6,227",+116,+1.9%,242,
Fulton St (G) ,B,"3,004","3,235","3,379","3,523","3,699","3,956","4,266",+310,+7.8%,318,
"Gates Av (J,Z) ",B,"4,662","5,037","5,194","5,413","5,787","5,964","5,999",+35,+0.6%,250,
Graham Av (L) ,B,"8,023","8,503","8,766","9,442","9,828","9,889","10,136",+247,+2.5%,154,
"Grand Army Plaza (2,3) ",B,"7,869","7,841","7,661","7,722","7,882","8,068","8,066",-2,-0.0%,188,
Grand St (L) ,B,"6,490","6,816","6,700","6,923","7,169","7,171","7,444",+273,+3.8%,201,
Grant Av (A) ,B,"5,952","6,170","6,091","6,089","6,216","6,290","6,270",-20,-0.3%,241,
Greenpoint Av (G) ,B,"7,372","7,660","7,392","7,523","8,073","8,212","8,461",+249,+3.0%,184,
Halsey St (J) ,B,"4,684","5,061","5,109","5,378","5,608","5,650","5,805",+155,+2.7%,261,
Halsey St (L) ,B,"5,821","6,313","6,154","6,420","6,672","6,904","7,308",+404,+5.9%,206,
"Hewes St (J,M) ",B,"1,966","2,143","2,272","2,420","2,628","2,811","2,859",+48,+1.7%,372,
"High St (A,C) ",B,"5,572","6,089","6,045","6,259","6,586","7,050","7,543",+493,+7.0%,198,
"Hoyt St (2,3) ",B,"6,652","6,613","6,341","6,262","6,535","6,710","6,657",-53,-0.8%,223,
"Hoyt-Schermerhorn Sts (A,C,G) ",B,"8,847","9,553","9,642","9,742","9,760","9,928","9,604",-324,-3.3%,165,
"Jay St-MetroTech (A,C,F,R)",B,"35,761","36,596","35,723","35,884","38,037","39,561","40,183",+622,+1.6%,23,
Jefferson St (L) ,B,"4,502","4,865","5,059","5,408","5,771","5,951","6,612",+661,+11.1%,225,
Junius St (3) ,B,"2,057","2,105","2,024","2,142","2,153","2,204","2,206",+2,+0.1%,393,
"Kings Hwy (B,Q) ",B,"18,181","19,193","18,462","19,091","17,639","18,422","18,799",+377,+2.0%,71,
Kings Hwy (F) ,B,"3,503","3,513","3,323","3,478","3,605","3,681","3,655",-26,-0.7%,344,
Kings Hwy (N) ,B,"4,597","4,923","4,989","5,017","5,065","5,104","5,154",+50,+1.0%,282,
Kingston Av (3) ,B,"4,789","4,947","4,734","4,717","4,825","4,929","4,949",+20,+0.4%,288,
Kingston-Throop Avs (C) ,B,"4,787","4,962","4,769","4,897","5,152","5,331","5,678",+347,+6.5%,262,
Knickerbocker Av (M) ,B,"3,043","3,204","3,260","3,325","3,575","2,350","3,429","+1,079",+45.9%,352,
Kosciuszko St (J) ,B,"3,732","4,028","4,107","4,315","4,528","4,592","4,751",+159,+3.5%,301,
Lafayette Av (C) ,B,"4,186","4,518","4,409","4,627","4,665","4,774","4,825",+51,+1.1%,296,
Liberty Av (C) ,B,"2,948","2,960","2,871","2,746","2,687","2,632","2,658",+26,+1.0%,379,
Livonia Av (L) ,B,"1,983","2,249","2,280","2,497","2,678","2,908","2,959",+51,+1.8%,369,
"Lorimer St (J,M) ",B,"3,858","4,217","4,287","4,364","4,564","4,779","4,796",+17,+0.4%,297,
Lorimer St (L)/Metropolitan Av (G),B,"10,883","11,436","11,846","12,556","12,815","13,344","14,004",+660,+4.9%,109,
"Marcy Av (J,M,Z) ",B,"8,340","9,217","9,550","10,349","11,319","11,591","11,775",+184,+1.6%,132,
Montrose Av (L) ,B,"5,007","5,333","5,433","5,946","6,268","6,452","6,731",+279,+4.3%,222,
Morgan Av (L) ,B,"4,633","5,078","5,269","6,050","6,530","6,821","7,126",+305,+4.5%,209,
"Myrtle Av (J,M,Z) ",B,"7,490","8,192","8,405","8,995","9,670","10,098","10,876",+778,+7.7%,146,
Myrtle-Willoughby Avs (G) ,B,"3,818","4,179","4,250","4,139","4,412","4,581","4,916",+335,+7.3%,292,
"Myrtle-Wyckoff Avs (L,M) ",B,"14,790","16,026","16,030","16,445","16,689","17,537","18,167",+630,+3.6%,74,
Nassau Av (G) ,B,"7,654","7,782","7,542","7,343","7,791","8,096","8,435",+339,+4.2%,185,
Neck Rd (Q) ,B,"3,713","3,796","3,182","2,606","4,114","3,834","3,941",+107,+2.8%,332,
Neptune Av (F) ,B,"1,626","1,611","1,583","1,720","1,794","1,705","1,749",+44,+2.6%,399,
"Nevins St (2,3,4,5) ",B,"11,134","11,406","11,579","11,778","11,708","11,653","11,468",-185,-1.6%,139,
New Lots Av (3) ,B,"5,675","5,874","5,752","6,015","6,223","6,214","6,349",+135,+2.2%,237,
New Lots Av (L) ,B,"3,115","3,520","3,729","3,961","4,255","4,475","4,785",+310,+6.9%,298,
New Utrecht Av (N)/62 St (D) ,B,"5,086","5,161","5,052","5,155","5,340","5,883","5,159",-724,-12.3%,281,
"Newkirk Av (2,5) ",B,"7,645","7,851","7,561","7,666","7,715","7,604","7,757",+153,+2.0%,194,
"Newkirk Plaza (B,Q) ",B,"9,563","10,004","9,375","9,179","9,672","9,890","10,788",+898,+9.1%,148,
"Norwood Av (J,Z) ",B,"3,221","3,390","3,319","3,381","3,366","3,518","3,492",-26,-0.7%,349,
Nostrand Av (3) ,B,"3,895","3,891","3,782","3,980","4,069","4,113","4,151",+38,+0.9%,323,
"Nostrand Av (A,C) ",B,"14,840","15,658","15,018","15,264","15,868","16,439","16,843",+404,+2.5%,80,
Ocean Pkwy (Q) ,B,"2,864","2,992","3,075","3,350","3,314","3,155","3,141",-14,-0.4%,364,
Park Pl (S) ,B,"2,363","2,427","2,305","2,261","2,259","2,201","2,077",-124,-5.6%,395,
Parkside Av (Q) ,B,"5,569","5,648","5,661","6,407","6,691","5,729","4,240","-1,489",-26.0%,319,
Pennsylvania Av (3) ,B,"5,832","5,964","5,799","5,800","5,798","5,696","5,675",-21,-0.4%,263,
"President St (2,5) ",B,"3,365","3,492","3,469","3,731","3,754","3,815","3,969",+154,+4.0%,330,
Prospect Av (R) ,B,"5,774","6,042","6,008","6,006","6,230","6,147","5,934",-213,-3.5%,254,
"Prospect Park (B,Q,S) ",B,"8,322","8,675","8,641","8,496","8,557","9,024","9,761",+737,+8.2%,161,
Ralph Av (C) ,B,"4,531","4,721","4,617","4,840","5,007","5,175","5,381",+206,+4.0%,275,
Rockaway Av (3) ,B,"5,616","5,828","5,699","5,729","5,715","5,636","5,632",-4,-0.1%,267,
Rockaway Av (C) ,B,"4,633","4,889","4,786","4,815","4,971","5,089","5,137",+48,+0.9%,283,
Saratoga Av (3) ,B,"5,421","5,572","5,472","5,529","5,662","5,697","5,807",+110,+1.9%,260,
"Sheepshead Bay (B,Q) ",B,"14,429","14,899","14,670","14,969","13,716","14,083","14,010",-73,-0.5%,108,
Shepherd Av (C) ,B,"2,913","3,076","2,939","2,917","2,968","3,034","3,149",+115,+3.8%,363,
"Smith-9 Sts (F,G) ",B,"4,097","4,464","4,579","4,763","1,834",0,"2,854","+2,854",,373,
"Sterling St (2,5) ",B,"5,326","5,417","5,315","5,597","5,755","5,899","5,915",+16,+0.3%,255,
Sutter Av (L) ,B,"3,265","3,556","3,766","4,050","4,201","4,437","4,555",+118,+2.7%,309,
Sutter Av-Rutland Rd (3) ,B,"7,325","7,495","7,259","7,461","7,621","7,713","7,831",+118,+1.5%,192,
Union St (R) ,B,"6,317","6,581","6,591","6,738","7,010","6,935","6,528",-407,-5.9%,231,
"Utica Av (A,C) ",B,"13,367","14,057","13,515","13,584","13,977","14,327","14,673",+346,+2.4%,104,
Van Siclen Av (3) ,B,"2,937","3,090","3,124","3,302","3,415","3,431","3,431",+0,+0.0%,351,
Van Siclen Av (C) ,B,"2,646","2,903","2,763","2,829","2,854","2,864","2,974",+110,+3.8%,365,
"Van Siclen Av (J,Z) ",B,"2,265","2,437","2,550","2,615","2,765","2,829","2,883",+54,+1.9%,370,
"West 8 St-New York Aquarium (F,Q) ",B,"2,146","2,333","2,302","2,506","2,478","2,285","2,069",-216,-9.5%,396,
Wilson Av (L) ,B,"3,036","3,354","3,357","3,400","3,532","3,566","3,865",+299,+8.4%,334,
"Winthrop St (2,5) ",B,"6,581","6,862","6,854","7,185","7,409","7,524","7,639",+115,+1.5%,197,
York St (F) ,B,"5,131","5,894","6,077","6,621","7,426","7,798","8,629",+831,+10.7%,182,
Manhattan,,,,,,,,,,,,
1 Av (L) ,M,"17,358","19,203","20,006","21,157","22,039","22,436","23,467","+1,031",+4.6%,56,
103 St (1) ,M,"13,353","13,573","13,409","12,968","13,292","13,557","13,500",-57,-0.4%,113,
103 St (6) ,M,"13,897","14,500","14,663","15,210","15,673","15,721","16,189",+468,+3.0%,89,
"103 St (B,C) ",M,"4,778","4,961","4,736","4,782","4,562","4,659","4,760",+101,+2.2%,300,
110 St (6) ,M,"10,973","11,320","11,425","11,630","11,836","11,908","12,162",+254,+2.1%,129,
"116 St (2,3) ",M,"9,522","9,968","10,190","10,227","10,627","11,100","11,508",+408,+3.7%,138,
116 St (6) ,M,"13,994","14,698","14,899","15,655","16,206","16,514","16,675",+161,+1.0%,82,
"116 St (B,C) ",M,"5,331","5,752","5,745","5,945","6,153","6,328","6,594",+266,+4.2%,226,
116 St-Columbia University (1) ,M,"15,657","15,939","15,891","15,808","16,130","16,283","16,363",+80,+0.5%,87,
125 St (1) ,M,"7,126","7,380","7,221","7,243","7,468","7,857","7,995",+138,+1.8%,190,
"125 St (2,3) ",M,"13,075","13,810","14,207","13,878","14,101","14,471","15,351",+880,+6.1%,96,
"125 St (4,5,6) ",M,"26,282","27,433","27,704","27,990","28,341","28,913","29,425",+512,+1.8%,34,
"125 St (A,B,C,D) ",M,"23,402","24,566","24,404","24,584","25,084","26,276","27,395","+1,119",+4.3%,40,
"135 St (2,3) ",M,"12,158","12,505","12,676","13,031","13,641","14,120","14,690",+570,+4.0%,103,
"135 St (B,C) ",M,"4,540","4,791","4,657","4,878","5,145","5,409","5,592",+183,+3.4%,268,
137 St-City College (1) ,M,"14,316","14,454","14,181","14,158","14,528","14,854","14,947",+93,+0.6%,100,
"14 St (A,C,E)/8 Av (L) ",M,"35,018","36,735","35,157","36,777","38,802","40,990","42,718","+1,728",+4.2%,19,
"14 St (F,M,1,2,3)/6 Av (L) ",M,"46,877","48,540","47,932","47,204","47,831","49,237","49,316",+79,+0.2%,17,
"14 St-Union Sq (L,N,Q,R,4,5,6) ",M,"104,501","109,272","105,118","106,380","107,352","108,000","108,158",+158,+0.1%,4,
145 St (1) ,M,"9,422","9,487","9,382","9,417","9,510","9,952","9,931",-21,-0.2%,157,
145 St (3) ,M,"2,693","2,777","2,848","2,873","3,136","3,273","3,426",+153,+4.7%,353,
"145 St (A,B,C,D) ",M,"19,170","20,476","20,126","20,730","21,576","22,125","22,879",+754,+3.4%,60,
"155 St (B,D) ",M,"3,718","3,735","3,728","3,823","3,845","3,947","3,948",+1,+0.0%,331,
155 St (C) ,M,"2,264","2,321","2,221","2,279","2,455","2,490","2,529",+39,+1.6%,383,
157 St (1) ,M,"9,706","9,815","9,843","9,899","9,972","10,331","10,677",+346,+3.3%,149,
163 St-Amsterdam Av (C) ,M,"3,587","3,600","3,525","3,663","3,772","3,849","4,080",+231,+6.0%,326,
"168 St (A,C,1) ",M,"22,377","23,458","23,592","23,572","24,019","24,580","25,041",+461,+1.9%,49,
175 St (A) ,M,"12,325","12,402","11,834","12,078","12,737","12,914","13,309",+395,+3.1%,114,
18 St (1) ,M,"8,010","8,076","7,846","7,968","8,199","8,437","8,505",+68,+0.8%,183,
181 St (1) ,M,"10,819","11,133","10,604","10,803","10,370","10,978","11,228",+250,+2.3%,142,
181 St (A) ,M,"9,795","9,772","9,585","9,723","10,044","10,223","10,404",+181,+1.8%,152,
190 St (A) ,M,"4,007","3,993","3,891","3,988","4,425","4,592","4,546",-46,-1.0%,311,
191 St (1) ,M,"7,648","7,880","7,532","7,561","7,686","8,042","8,258",+216,+2.7%,186,
2 Av (F) ,M,"16,637","17,552","17,310","17,090","17,364","17,540","17,801",+261,+1.5%,76,
207 St (1) ,M,"5,189","5,640","5,746","5,917","6,745","6,954","6,098",-856,-12.3%,246,
215 St (1) ,M,"1,444","1,824","1,979","1,949","2,006","1,996","2,078",+82,+4.1%,394,
23 St (1) ,M,"14,948","14,766","14,338","14,379","14,663","14,931","15,283",+352,+2.4%,97,
23 St (6) ,M,"31,527","32,018","30,908","30,929","31,206","31,053","31,777",+724,+2.3%,32,
"23 St (C,E) ",M,"21,799","22,749","22,061","21,934","22,900","23,572","24,782","+1,210",+5.1%,50,
"23 St (F,M) ",M,"25,706","25,917","24,407","25,100","27,049","27,977","28,749",+772,+2.8%,35,
"23 St (N,R) ",M,"18,853","19,695","19,065","20,007","22,080","22,981","22,760",-221,-1.0%,61,
28 St (1) ,M,"12,388","12,601","12,752","13,179","13,634","14,597","15,149",+552,+3.8%,99,
28 St (6) ,M,"22,323","22,750","22,042","22,274","22,794","22,715","23,696",+981,+4.3%,53,
"28 St (N,R) ",M,"9,719","9,965","9,657","10,003","10,894","11,502","11,607",+105,+0.9%,135,
3 Av (L) ,M,"5,241","5,605","5,815","6,123","6,278","6,532","6,803",+271,+4.1%,220,
33 St (6) ,M,"31,292","31,883","30,129","30,497","31,181","31,877","32,783",+906,+2.8%,31,
"34 St-Herald Square (B,D,F,M,N,Q,R) ",M,"124,651","126,117","119,202","120,764","121,081","121,120","122,517","+1,397",+1.2%,3,
"34 St-Penn Station (1,2,3) ",M,"91,169","92,750","88,520","87,736","87,482","88,929","90,042","+1,113",+1.3%,5,
"34 St-Penn Station (A,C,E) ",M,"83,450","85,542","79,875","80,009","81,585","82,511","83,717","+1,206",+1.5%,6,
"42 St-Bryant Pk (B,D,F,M)/5 Av (7) ",M,"47,175","48,939","46,431","47,741","50,375","51,962","53,222","+1,260",+2.4%,15,
"47-50 Sts-Rockefeller Center (B,D,F,M) ",M,"61,560","60,818","55,402","56,758","59,979","59,749","61,099","+1,350",+2.3%,12,
"49 St (N,Q,R) ",M,"25,410","25,796","24,487","25,284","25,480","25,793","25,356",-437,-1.7%,47,
"5 Av-53 St (E,M) ",M,"26,411","26,667","24,027","23,239","23,970","24,727","25,939","+1,212",+4.9%,45,
"5 Av-59 St (N,Q,R) ",M,"17,896","18,894","17,762","18,200","18,797","18,816","18,394",-422,-2.2%,72,
50 St (1) ,M,"27,141","26,187","24,388","24,636","25,062","25,930","26,192",+262,+1.0%,44,
"50 St (C,E) ",M,"18,314","18,776","17,395","16,936","17,403","17,892","19,406","+1,514",+8.5%,69,
57 St (F) ,M,"15,157","15,267","13,939","14,426","15,045","14,743","15,363",+620,+4.2%,95,
"57 St-7 Av (N,Q,R) ",M,"28,494","29,393","28,121","27,958","27,497","28,044","28,159",+115,+0.4%,37,
"59 St-Columbus Circle (A,B,C,D,1) ",M,"65,507","66,969","65,376","66,058","67,901","69,653","72,236","+2,583",+3.7%,7,
66 St-Lincoln Center (1) ,M,"22,887","22,623","21,496","21,717","22,436","23,305","23,651",+346,+1.5%,55,
68 St-Hunter College (6) ,M,"35,708","36,269","35,323","34,984","36,026","36,109","36,562",+453,+1.3%,30,
"7 Av (B,D,E) ",M,"14,476","14,793","13,887","14,004","14,530","14,922","15,800",+878,+5.9%,90,
"72 St (1,2,3) ",M,"35,330","36,311","36,287","36,900","39,180","40,271","40,853",+582,+1.4%,21,
"72 St (B,C) ",M,"8,062","8,532","8,245","8,435","8,679","8,875","9,067",+192,+2.2%,175,
77 St (6) ,M,"35,200","36,182","35,288","35,579","36,607","36,846","37,182",+336,+0.9%,28,
79 St (1) ,M,"16,721","16,345","15,802","15,952","16,276","16,349","16,576",+227,+1.4%,85,
"8 St-New York University (N,R) ",M,"16,443","16,696","16,303","16,759","17,759","17,766","16,597","-1,169",-6.6%,84,
"81 St-Museum of Natural History (B,C) ",M,"12,036","12,484","12,370","12,374","12,685","13,119","13,663",+544,+4.1%,111,
86 St (1) ,M,"19,491","19,354","18,933","18,901","19,269","19,677","19,766",+89,+0.5%,67,
"86 St (4,5,6) ",M,"59,958","61,897","60,254","60,965","62,214","63,550","64,741","+1,191",+1.9%,10,
"86 St (B,C) ",M,"10,779","10,998","10,469","10,572","10,771","11,093","11,236",+143,+1.3%,141,
"96 St (1,2,3) ",M,"35,159","35,682","34,571","35,053","36,550","37,941","38,711",+770,+2.0%,26,
96 St (6) ,M,"24,149","25,033","24,591","24,870","25,848","26,070","26,232",+162,+0.6%,43,
"96 St (B,C) ",M,"8,129","8,619","8,530","9,037","9,249","9,514","9,815",+301,+3.2%,159,
Astor Place (6) ,M,"17,642","17,927","17,376","17,630","17,632","17,607","17,914",+307,+1.7%,75,
"Bowery (J,Z) ",M,"2,434","2,822","3,084","3,016","2,763","2,746","2,743",-3,-0.1%,376,
"Bowling Green (4,5) ",M,"25,784","28,094","26,925","26,411","27,015","28,183","30,640","+2,457",+8.7%,33,
"Broad St (J,Z) ",M,"6,846","7,199","7,052","6,401","5,746","5,261","5,635",+374,+7.1%,265,
"Broadway-Lafayette St (B,D,F,M)/Bleecker St (6) ",M,"31,923","33,377","32,489","34,191","36,301","37,283","38,799","+1,516",+4.1%,25,
"Brooklyn Bridge-City Hall (4,5,6)/Chambers St (J,Z)",M,"34,570","36,656","36,679","36,939","36,350","36,993","36,680",-313,-0.8%,29,
Canal St (1) ,M,"5,460","5,689","5,526","5,691","5,960","5,854","6,039",+185,+3.2%,247,
"Canal St (A,C,E) ",M,"17,795","18,503","17,858","17,975","18,986","19,097","19,738",+641,+3.4%,68,
"Canal St (J,N,Q,R,Z,6) ",M,"45,505","47,383","46,450","46,435","45,700","45,952","44,696","-1,256",-2.7%,18,
Cathedral Pkwy-110 St (1) ,M,"12,938","13,382","13,277","13,116","13,650","13,870","13,874",+4,+0.0%,110,
"Cathedral Pkwy-110 St (B,C) ",M,"6,083","6,448","6,309","6,597","6,742","6,933","7,117",+184,+2.7%,210,
"Central Park North-110 St (2,3) ",M,"7,376","7,678","7,927","8,098","8,472","8,751","9,130",+379,+4.3%,174,
"Chambers St (1,2,3) ",M,"18,006","18,949","20,202","21,619","22,683","23,151","23,147",-4,-0.0%,58,
"Chambers St (A,C)/WTC (E)/Park Place (2,3) ",M,"53,900","54,437","51,076","50,671","53,178","53,589","53,426",-163,-0.3%,14,
Christopher St-Sheridan Sq (1) ,M,"10,142","10,136","10,016","10,005","10,077","10,068","10,076",+8,+0.1%,155,
City Hall (R) ,M,"10,697","11,107","10,636","9,840","8,954","7,330","5,666","-1,664",-22.7%,264,
Cortlandt St (1) ,M,0,0,0,0,0,0,0,,,,
Cortlandt St (R) ,M,0,0,347,"3,361","4,745","6,393","5,497",-896,-14.0%,271,
"Delancey St (F)/Essex St (J,M,Z) ",M,"18,016","19,078","19,380","20,798","22,127","22,846","23,691",+845,+3.7%,54,
Dyckman St (1) ,M,"7,235","7,482","7,248","7,092","4,025","3,795","6,564","+2,769",+73.0%,228,
Dyckman St (A) ,M,"5,914","5,778","5,579","5,935","7,088","7,375","6,557",-818,-11.1%,230,
East Broadway (F) ,M,"12,964","13,321","12,783","12,779","12,993","13,052","13,276",+224,+1.7%,116,
Franklin St (1) ,M,"5,846","5,857","5,596","5,804","5,998","5,931","5,825",-106,-1.8%,259,
"Fulton St (A,C,J,Z,2,3,4,5)",M,"66,293","68,975","65,635","64,287","63,203","62,779","64,461","+1,682",+2.7%,11,
"Grand Central-42 St (S,4,5,6,7) ",M,"149,224","153,747","144,904","144,350","147,644","150,266","153,861","+3,595",+2.4%,2,
"Grand St (B,D) ",M,"22,310","23,333","23,266","23,304","23,284","23,406","23,770",+364,+1.6%,52,
Harlem-148 St (3) ,M,"3,154","3,285","3,266","3,277","3,553","3,616","3,790",+174,+4.8%,339,
Houston St (1) ,M,"13,606","13,705","13,606","13,908","14,814","15,247","15,736",+489,+3.2%,92,
Inwood-207 St (A) ,M,"8,121","8,156","8,113","8,202","8,888","8,717","8,866",+149,+1.7%,178,
"Lexington Av (N,Q,R)/59 St (4,5,6) ",M,"62,657","65,013","61,403","63,138","65,855","67,478","67,841",+363,+0.5%,9,
"Lexington Av-53 St (E,M)/51 St (6) ",M,"71,048","70,667","64,389","62,774","66,045","67,821","69,973","+2,152",+3.2%,8,
Lexington Av-63 St (F) ,M,"12,991","13,488","13,425","15,816","15,616","15,639","15,404",-235,-1.5%,94,
Marble Hill-225 St (1) ,M,"5,434","5,718","5,586","5,570","4,758","5,380","5,456",+76,+1.4%,273,
"Prince St (N,R) ",M,"13,849","14,330","13,834","14,826","16,223","16,344","15,261","-1,083",-6.6%,98,
Rector St (1) ,M,"7,386","8,072","7,983","8,165","8,902","10,065","11,323","+1,258",+12.5%,140,
Rector St (R) ,M,"10,296","10,479","9,487","8,588","8,083","6,912","5,362","-1,550",-22.4%,276,
Roosevelt Island (F) ,M,"5,871","6,071","5,816","7,870","6,576","6,430","6,321",-109,-1.7%,238,
South Ferry (1)/Whitehall St (R) ,M,"28,007","28,948","29,284","29,014","29,583","26,576","20,405","-6,171",-23.2%,66,
Spring St (6) ,M,"10,509","10,877","10,603","11,132","11,729","12,153","12,257",+104,+0.9%,126,
"Spring St (C,E) ",M,"11,101","11,488","10,893","11,249","12,097","12,604","13,136",+532,+4.2%,120,
"Times Sq-42 St (N,Q,R,S,1,2,3,7)/42 St (A,C,E) ",M,"181,992","189,506","181,224","182,170","189,426","195,464","197,696","+2,232",+1.1%,1,
"Wall St (2,3) ",M,"26,579","26,852","26,090","25,371","25,559","25,682","26,706","+1,024",+4.0%,42,
"Wall St (4,5) ",M,"23,107","23,357","22,358","22,551","22,986","23,992","25,078","+1,086",+4.5%,48,
"West 4 St-Washington Sq (A,B,C,D,E,F,M) ",M,"36,879","38,018","37,304","37,175","37,873","39,157","40,798","+1,641",+4.2%,22,
Queens,,,,,,,,,,,,
103 St-Corona Plaza (7) ,Q,"16,352","18,021","17,627","17,751","18,583","18,984","19,216",+232,+1.2%,70,
104 St (A) ,Q,"1,808","1,827","1,715","1,693","1,751","1,725","1,736",+11,+0.6%,401,
"104 St (J,Z) ",Q,"2,388","2,509","2,498","2,527","2,558","2,553","2,575",+22,+0.9%,382,
111 St (7) ,Q,"9,725","10,381","10,366","10,457","10,593","10,655","10,914",+259,+2.4%,145,
111 St (A) ,Q,"2,678","2,770","2,666","2,618","2,711","2,728","2,718",-10,-0.4%,378,
111 St (J) ,Q,"2,588","2,637","2,607","2,650","2,683","2,613","2,605",-8,-0.3%,381,
"121 St (J,Z) ",Q,"1,876","2,021","2,091","2,176","2,248","2,218","2,222",+4,+0.2%,391,
169 St (F) ,Q,"7,999","8,416","8,412","8,600","8,949","8,944","9,042",+98,+1.1%,176,
21 St (G) ,Q,959,"1,001","1,015","1,050","1,123","1,478","1,309",-169,-11.4%,409,
21 St-Queensbridge (F) ,Q,"7,065","7,374","7,602","8,365","8,678","8,749","8,761",+12,+0.1%,180,
"30 Av (N,Q) ",Q,"13,433","13,781","13,430","13,791","13,774","14,515","14,802",+287,+2.0%,101,
33 St-Rawson St (7) ,Q,"12,734","13,147","13,405","13,660","13,587","13,985","14,246",+261,+1.9%,107,
"36 Av (N,Q) ",Q,"7,193","7,395","7,187","7,352","7,194","7,669","7,688",+19,+0.2%,195,
"36 St (M,R)",Q,"3,262","3,354","3,743","4,003","4,340","4,502","4,540",+38,+0.8%,312,
"39 Av (N,Q) ",Q,"2,110","2,269","2,562","2,833","2,768","3,044","3,262",+218,+7.2%,359,
40 St-Lowery St (7) ,Q,"10,513","10,725","10,433","10,620","10,751","10,919","11,100",+181,+1.7%,144,
"46 St (M,R)",Q,"9,592","9,860","9,222","9,246","9,399","9,482","9,529",+47,+0.5%,167,
46 St-Bliss St (7) ,Q,"14,145","14,561","14,273","14,389","14,479","14,499","14,656",+157,+1.1%,105,
52 St (7) ,Q,"6,516","6,614","6,388","6,440","6,596","6,748","6,830",+82,+1.2%,217,
"63 Dr-Rego Park (M,R)",Q,"15,068","15,171","14,395","14,940","15,557","16,056","16,334",+278,+1.7%,88,
"65 St (M,R)",Q,"3,283","3,409","3,296","3,313","3,448","3,551","3,532",-19,-0.5%,347,
"67 Av (M,R)",Q,"9,283","9,534","9,317","9,238","9,333","9,403","9,475",+72,+0.8%,169,
69 St (7) ,Q,"4,853","4,927","4,878","5,031","4,984","5,031","5,085",+54,+1.1%,285,
"74-Bway (7)/Jackson Hts-Roosevelt Av (E,F,M,R)",Q,"47,675","49,156","48,426","49,216","49,828","50,194","50,841",+647,+1.3%,16,
"75 Av (E,F) ",Q,"3,752","3,687","3,595","3,692","3,811","3,735","3,763",+28,+0.7%,340,
"75 St-Elderts Ln (J,Z) ",Q,"3,619","3,758","3,737","3,686","3,714","3,757","3,759",+2,+0.1%,341,
80 St (A) ,Q,"4,101","4,303","4,151","4,101","4,181","4,253","4,291",+38,+0.9%,317,
82 St-Jackson Hts (7) ,Q,"16,189","16,666","16,092","15,575","15,811","15,582","15,662",+80,+0.5%,93,
85 St-Forest Pkwy (J) ,Q,"3,667","3,693","3,592","3,643","3,704","3,776","3,792",+16,+0.4%,338,
88 St (A) ,Q,"2,601","2,708","2,638","2,648","2,680","2,677","2,719",+42,+1.6%,377,
90 St-Elmhurst Av (7) ,Q,"16,598","17,303","16,618","16,647","16,679","16,768","16,743",-25,-0.1%,81,
Aqueduct Racetrack (A) ,Q,58,60,52,61,116,0,551,+551,,413,
Aqueduct-North Conduit Av (A) ,Q,895,889,830,791,"1,386","2,430","1,951",-479,-19.7%,398,
"Astoria Blvd (N,Q) ",Q,"10,498","11,146","10,993","11,173","11,809","12,127","12,210",+83,+0.7%,127,
"Astoria-Ditmars Blvd (N,Q) ",Q,"16,200","16,748","16,027","16,148","16,541","16,777","17,039",+262,+1.6%,79,
"Beach 105 St (A,S) ",Q,264,282,191,208,255,253,141,-112,-44.3%,419,
Beach 25 St (A) ,Q,"1,763","1,871","1,748","1,329","1,702","1,494",904,-590,-39.5%,412,
Beach 36 St (A) ,Q,875,881,896,"1,111",622,718,466,-252,-35.1%,414,
Beach 44 St (A) ,Q,520,604,594,478,748,538,297,-241,-44.8%,417,
Beach 60 St (A) ,Q,"2,431","2,478","2,401","2,624","1,798","1,924","1,317",-607,-31.5%,408,
Beach 67 St-Arverne By The Sea (A) ,Q,"1,808","1,929","1,912","1,546","2,236","1,859","1,118",-741,-39.9%,410,
"Beach 90 St (A,S) ",Q,"1,064","1,114",864,908,"1,019",877,463,-414,-47.2%,415,
"Beach 98 St (A,S) ",Q,927,794,782,503,615,572,292,-280,-49.0%,418,
"Briarwood-Van Wyck Blvd (E,F) ",Q,"5,853","6,026","5,744","5,688","5,655","5,196","4,664",-532,-10.2%,305,
"Broad Channel (A,S) ",Q,351,360,325,318,304,267,127,-140,-52.4%,420,
"Broadway (N,Q) ",Q,"12,783","13,018","12,511","12,644","12,678","13,041","13,280",+239,+1.8%,115,
"Court Sq (E,G,M,7)",Q,"27,470","29,042","25,140","24,848","21,610","18,631","20,446","+1,815",+9.7%,65,
"Elmhurst Av (M,R)",Q,"13,541","13,885","13,410","13,253","13,426","13,562","13,597",+35,+0.3%,112,
Far Rockaway-Mott Av (A) ,Q,"4,461","4,655","4,568","4,662","4,750","4,068","2,651","-1,417",-34.8%,380,
Flushing-Main St (7) ,Q,"57,426","58,681","57,753","59,093","60,184","60,540","60,190",-350,-0.6%,13,
Forest Av (M) ,Q,"3,424","3,517","3,502","3,608","3,901","3,971","4,103",+132,+3.3%,324,
"Forest Hills-71 Av (E,F,M,R)",Q,"26,611","27,139","26,190","26,494","27,123","27,537","27,728",+191,+0.7%,39,
Fresh Pond Rd (M) ,Q,"4,609","4,849","4,782","5,001","5,431","5,545","5,333",-212,-3.8%,278,
"Grand Av-Newtown (M,R)",Q,"17,326","17,789","17,387","17,466","17,886","18,108","18,298",+190,+1.0%,73,
Howard Beach-JFK Airport (A) ,Q,"2,837","2,966","2,801","2,667","2,729","3,227","4,972","+1,745",+54.1%,287,
Hunters Point Av (7) ,Q,"6,743","6,655","6,210","6,023","6,113","6,521","6,400",-121,-1.9%,234,
"Jamaica Center-Parsons-Archer (E,J,Z) ",Q,"37,580","38,966","38,563","39,327","40,423","41,130","41,686",+556,+1.4%,20,
Jamaica-179 St (F) ,Q,"22,793","23,394","22,535","22,766","23,174","23,330","23,280",-50,-0.2%,57,
Jamaica-Van Wyck (E) ,Q,"4,621","4,299","4,279","4,588","4,882","4,930","4,992",+62,+1.3%,286,
Junction Blvd (7) ,Q,"20,484","21,038","21,196","21,593","21,240","20,938","20,818",-120,-0.6%,64,
"Kew Gardens-Union Turnpike (E,F) ",Q,"26,168","26,996","26,411","26,763","27,280","27,884","28,289",+405,+1.5%,36,
Mets-Willets Point (7) ,Q,"4,932","5,406","4,998","4,648","4,472","4,618","4,675",+57,+1.2%,304,
Middle Village-Metropolitan Av (M) ,Q,"3,389","3,640","3,763","3,815","3,983","4,053","4,092",+39,+1.0%,325,
"Northern Blvd (M,R)",Q,"7,147","7,584","7,263","7,066","7,049","7,201","7,235",+34,+0.5%,208,
Ozone Park-Lefferts Blvd (A) ,Q,"7,504","7,773","7,434","7,326","7,491","7,460","7,476",+16,+0.2%,200,
Parsons Blvd (F) ,Q,"5,914","6,122","5,920","6,013","6,174","6,329","6,463",+134,+2.1%,232,
"Queens Plaza (E,M,R)",Q,"8,086","8,558","8,277","8,370","8,869","9,695","9,696",+1,+0.0%,162,
"Queensboro Plaza (N,Q,7) ",Q,"8,496","8,955","8,682","8,916","9,577","10,752","11,132",+380,+3.5%,143,
Rockaway Blvd (A) ,Q,"7,055","7,422","7,441","7,715","7,786","8,045","8,662",+617,+7.7%,181,
"Rockaway Park-Beach 116 St (A,S) ",Q,850,843,796,778,845,741,379,-362,-48.9%,416,
Seneca Av (M) ,Q,"2,081","2,117","2,158","2,235","2,433","2,461","2,428",-33,-1.3%,386,
"Steinway St (M,R)",Q,"13,711","14,214","13,901","14,028","15,036","15,061","14,769",-292,-1.9%,102,
Sutphin Blvd (F) ,Q,"4,337","4,464","4,404","4,605","4,693","4,760","4,932",+172,+3.6%,291,
"Sutphin Blvd-Archer Av-JFK Airport (E,J,Z) ",Q,"19,036","20,138","20,144","20,706","21,630","22,285","23,012",+727,+3.3%,59,
Vernon Blvd-Jackson Av (7) ,Q,"8,019","9,541","9,607","10,028","10,450","11,541","12,610","+1,069",+9.3%,121,
"Woodhaven Blvd (J,Z) ",Q,"3,907","4,173","4,176","4,260","4,433","4,464","4,576",+112,+2.5%,308,
"Woodhaven Blvd (M,R)",Q,"22,990","23,826","23,035","22,673","22,502","22,521","22,276",-245,-1.1%,62,
Woodside-61 St (7) ,Q,"16,070","16,746","16,541","16,680","16,734","16,698","16,559",-139,-0.8%,86,
,,,,,,,,,,,,
Brooklyn,,"1,038,631","1,087,312","1,075,159","1,100,055","1,128,393","1,151,433","1,178,741","+27,308",+2.4%,,
Bronx,,"418,842","444,943","442,457","450,208","459,274","469,571","476,651","+7,080",+1.5%,,
Manhattan,,"2,849,118","2,930,611","2,826,545","2,856,251","2,928,969","2,981,657","3,027,257","+45,600",+1.5%,,
Queens,,"739,533","766,571","747,114","755,495","768,288","777,473","782,322","+4,849",+0.6%,,
Systemwide Adjustment,,"-3,861","-3,762","-4,442","-5,096",-629,50,63,+13,,,
System Total,,"5,042,263","5,225,675","5,086,833","5,156,913","5,284,295","5,380,184","5,465,034","+84,850",+1.6%,,
,,,,,,,,,,,,
,,,,,,,,,,,,
,,,,,,,,,,,,
,,,,,,,,,,,,
